{"timestamp": 84.37, "name": "person", "box": [362.025634765625, 0.532135009765625, 637.0863037109375, 152.8596954345703]}
{"timestamp": 89.43, "name": "toilet", "box": [581.6241455078125, 399.4678649902344, 639.6827392578125, 479.5279235839844]}
{"timestamp": 89.43, "name": "bottle", "box": [176.76815795898438, 402.898681640625, 242.68038940429688, 479.7415771484375]}
{"timestamp": 94.45, "name": "tv", "box": [0.77996826171875, 1.32684326171875, 285.515625, 432.03167724609375]}
{"timestamp": 99.5, "name": "person", "box": [130.53314208984375, 89.95965576171875, 639.017333984375, 479.26177978515625]}
{"timestamp": 99.5, "name": "person", "box": [124.73583984375, 363.7100830078125, 235.562744140625, 465.5726318359375]}
{"timestamp": 99.5, "name": "person", "box": [228.29537963867188, 373.7669677734375, 275.4573974609375, 412.36865234375]}
{"timestamp": 104.52, "name": "person", "box": [0.91845703125, 13.854400634765625, 638.7933349609375, 478.4020690917969]}
{"timestamp": 104.52, "name": "person", "box": [81.06173706054688, 299.64239501953125, 193.63571166992188, 386.86334228515625]}
{"timestamp": 104.52, "name": "person", "box": [2.9199676513671875, 299.33599853515625, 194.2648468017578, 433.50909423828125]}
{"timestamp": 109.61, "name": "tv", "box": [0.35736083984375, 0.96881103515625, 288.82073974609375, 303.76519775390625]}
{"timestamp": 109.61, "name": "refrigerator", "box": [298.79620361328125, 395.8070983886719, 572.5852661132812, 479.6418151855469]}
{"timestamp": 114.62, "name": "person", "box": [213.2064208984375, 0.58563232421875, 637.0357055664062, 478.55474853515625]}
{"timestamp": 114.62, "name": "person", "box": [194.56488037109375, 351.518310546875, 279.0596923828125, 465.29559326171875]}
{"timestamp": 114.62, "name": "chair", "box": [0.23330307006835938, 419.3227233886719, 43.88945770263672, 479.7315368652344]}
{"timestamp": 114.62, "name": "person", "box": [292.1395263671875, 362.5975341796875, 333.2913818359375, 403.0426025390625]}
{"timestamp": 119.73, "name": "person", "box": [163.67803955078125, 90.04876708984375, 639.1192626953125, 479.35552978515625]}
{"timestamp": 119.73, "name": "person", "box": [83.45301055908203, 381.60040283203125, 203.7203369140625, 479.7293701171875]}
{"timestamp": 119.73, "name": "person", "box": [209.7542724609375, 401.6631774902344, 261.65814208984375, 444.0981140136719]}
{"timestamp": 124.76, "name": "person", "box": [14.313720703125, 105.58087158203125, 638.922607421875, 478.70684814453125]}
{"timestamp": 129.84, "name": "person", "box": [218.147216796875, 240.6940155029297, 639.15283203125, 380.96978759765625]}
{"timestamp": 129.84, "name": "tv", "box": [0.3560791015625, 0.766998291015625, 247.62698364257812, 288.41943359375]}
{"timestamp": 129.84, "name": "mouse", "box": [205.39288330078125, 294.076904296875, 290.1751403808594, 339.310302734375]}
{"timestamp": 129.84, "name": "keyboard", "box": [0.2906036376953125, 316.458984375, 156.4303436279297, 392.5235595703125]}
{"timestamp": 134.88, "name": "person", "box": [201.7135009765625, 246.56597900390625, 639.8424682617188, 383.81524658203125]}
{"timestamp": 134.88, "name": "tv", "box": [0.4889678955078125, 1.1241455078125, 248.2799835205078, 287.55108642578125]}
{"timestamp": 134.88, "name": "mouse", "box": [193.7041015625, 290.4620361328125, 289.240478515625, 340.065673828125]}
{"timestamp": 134.88, "name": "keyboard", "box": [0.33319091796875, 315.759033203125, 156.06646728515625, 389.6990966796875]}
{"timestamp": 139.94, "name": "person", "box": [204.0457763671875, 245.5774383544922, 639.2060546875, 384.43316650390625]}
{"timestamp": 139.94, "name": "mouse", "box": [191.630615234375, 289.0819091796875, 289.88604736328125, 339.158935546875]}
{"timestamp": 139.94, "name": "tv", "box": [0.3531646728515625, 0.90179443359375, 248.08856201171875, 288.7646484375]}
{"timestamp": 139.94, "name": "keyboard", "box": [0.36041259765625, 316.81695556640625, 156.2498321533203, 387.164306640625]}
{"timestamp": 145.03, "name": "mouse", "box": [192.27471923828125, 295.51312255859375, 326.1966552734375, 341.23638916015625]}
{"timestamp": 145.03, "name": "person", "box": [0.64404296875, 35.437255859375, 638.5555419921875, 380.3594665527344]}
{"timestamp": 145.03, "name": "keyboard", "box": [0.34765625, 315.34686279296875, 156.45013427734375, 390.32208251953125]}
{"timestamp": 150.07, "name": "tv", "box": [0.875579833984375, 0.50384521484375, 374.2127380371094, 258.177001953125]}
{"timestamp": 150.07, "name": "tv", "box": [311.3118896484375, 0.718505859375, 533.381103515625, 388.78570556640625]}
{"timestamp": 150.07, "name": "person", "box": [366.0447998046875, 449.33892822265625, 528.6695556640625, 479.73583984375]}
{"timestamp": 150.07, "name": "cell phone", "box": [280.675537109375, 448.47802734375, 383.0447998046875, 479.756103515625]}
{"timestamp": 150.07, "name": "bottle", "box": [106.77272033691406, 283.83978271484375, 172.1100311279297, 380.18939208984375]}
{"timestamp": 155.09, "name": "keyboard", "box": [299.28167724609375, 358.37664794921875, 639.5494995117188, 479.46527099609375]}
{"timestamp": 155.09, "name": "cup", "box": [49.22815704345703, 265.98382568359375, 283.24176025390625, 479.7730712890625]}
{"timestamp": 155.09, "name": "tv", "box": [108.93145751953125, 0.4953460693359375, 638.845458984375, 154.51226806640625]}
{"timestamp": 155.09, "name": "bottle", "box": [461.95782470703125, 198.53509521484375, 511.70660400390625, 270.2174987792969]}
{"timestamp": 160.16, "name": "bottle", "box": [353.1524658203125, 237.04579162597656, 455.4461669921875, 412.6219482421875]}
{"timestamp": 160.16, "name": "tv", "box": [1.41912841796875, 1.11962890625, 638.5053100585938, 142.10989379882812]}
{"timestamp": 160.16, "name": "sink", "box": [1.1938934326171875, 402.55401611328125, 242.35546875, 479.69842529296875]}
{"timestamp": 165.19, "name": "person", "box": [4.4759521484375, 20.77423095703125, 636.3563232421875, 478.1929931640625]}
{"timestamp": 165.19, "name": "chair", "box": [126.568603515625, 359.48565673828125, 246.26507568359375, 455.94525146484375]}
{"timestamp": 170.24, "name": "person", "box": [54.5267333984375, 0.46832275390625, 638.9736328125, 478.8031005859375]}
{"timestamp": 170.24, "name": "cup", "box": [0.0318756103515625, 442.2078857421875, 30.5002384185791, 479.8294677734375]}
{"timestamp": 30.79, "name": "person", "box": [94.807861328125, 295.56048583984375, 638.15771484375, 479.65191650390625]}
{"timestamp": 30.79, "name": "chair", "box": [385.54486083984375, 297.58935546875, 498.02935791015625, 396.472900390625]}
{"timestamp": 30.79, "name": "tv", "box": [0.3718719482421875, 0.444000244140625, 181.39559936523438, 274.5056457519531]}
{"timestamp": 30.79, "name": "mouse", "box": [80.29273986816406, 334.99761962890625, 199.3994598388672, 394.48724365234375]}
{"timestamp": 30.79, "name": "laptop", "box": [0.841217041015625, 178.46942138671875, 401.2304382324219, 478.1993408203125]}
{"timestamp": 30.79, "name": "backpack", "box": [598.8948974609375, 374.08538818359375, 639.7325439453125, 429.15008544921875]}
{"timestamp": 35.84, "name": "person", "box": [79.91015625, 302.448974609375, 639.0904541015625, 479.696533203125]}
{"timestamp": 35.84, "name": "chair", "box": [374.43914794921875, 298.1884765625, 486.25970458984375, 389.6553955078125]}
{"timestamp": 35.84, "name": "mouse", "box": [66.57919311523438, 341.0081787109375, 182.06814575195312, 402.55615234375]}
{"timestamp": 35.84, "name": "tv", "box": [0.6169891357421875, 0.5836181640625, 161.30072021484375, 283.1713562011719]}
{"timestamp": 35.84, "name": "laptop", "box": [0.572509765625, 188.7841796875, 387.7251892089844, 477.600830078125]}
{"timestamp": 45.11, "name": "person", "box": [203.10142517089844, 248.90684509277344, 639.1483154296875, 364.1181640625]}
{"timestamp": 45.11, "name": "tv", "box": [0.273712158203125, 0.96978759765625, 211.00631713867188, 287.1162109375]}
{"timestamp": 45.11, "name": "keyboard",